{
    "SkillDamageUpSum": 0.30000001192092898,
    "SkillDamageUpLevel": 4,
    "SkillDamageUpPrice": 175,
    "MaxHpUpSum": 12.0,
    "MaxHpUpLevel": 7,
    "MaxHpUpPrice": 250,
    "SpeedUpSum": 0.009999999776482582,
    "SpeedUpLevel": 3,
    "SpeedUpPrice": 150,
    "CriticalUpSum": 0.02449999935925007,
    "CriticalUpLevel": 8,
    "CriticalUpPrice": 275,
    "CriticalDamageUpSum": 0.010000000707805157,
    "CriticalDamageUpLevel": 6,
    "CriticalDamageUpPrice": 225
}